priority,status,category,ichome_title,jan,price,url,matched_product_name,matched_by
S,new_candidate,スマートフォン,iPhone 16 Pro Max 1TB デザートチタニウム,4549995536522,200000,https://www.1-chome.com/mobileDetail/1065/1065,,
S,new_candidate,スマートフォン,iPhone 16 Pro Max 1TB ナチュラルチタニウム,4549995536539,200000,https://www.1-chome.com/mobileDetail/1065/1065,,
S,new_candidate,スマートフォン,iPhone 16 Pro Max 1TB ブラックチタニウム,4549995536508,200000,https://www.1-chome.com/mobileDetail/1065/1065,,
S,new_candidate,スマートフォン,iPhone 16 Pro Max 1TB ホワイトチタニウム,4549995536515,200000,https://www.1-chome.com/mobileDetail/1065/1065,,
S,new_candidate,スマートフォン,iPhone 16 Pro Max 512GB デザートチタニウム,4549995536485,185000,https://www.1-chome.com/mobileDetail/1064/1064,,
S,new_candidate,スマートフォン,iPhone 16 Pro Max 512GB ナチュラルチタニウム,4549995536492,185000,https://www.1-chome.com/mobileDetail/1064/1064,,
S,new_candidate,スマートフォン,iPhone 16 Pro Max 512GB ブラックチタニウム,4549995536461,185000,https://www.1-chome.com/mobileDetail/1064/1064,,
S,new_candidate,スマートフォン,iPhone 16 Pro Max 512GB ホワイトチタニウム,4549995536478,185000,https://www.1-chome.com/mobileDetail/1064/1064,,
S,new_candidate,スマートフォン,iPhone 16 Pro 1TB デザートチタニウム,4549995533163,165000,https://www.1-chome.com/mobileDetail/1069/1069,,
S,new_candidate,スマートフォン,iPhone 16 Pro 1TB ナチュラルチタニウム,4549995533217,165000,https://www.1-chome.com/mobileDetail/1069/1069,,
S,new_candidate,スマートフォン,iPhone 16 Pro 1TB ブラックチタニウム,4549995533064,165000,https://www.1-chome.com/mobileDetail/1069/1069,,
S,new_candidate,スマートフォン,iPhone 16 Pro 1TB ホワイトチタニウム,4549995533118,165000,https://www.1-chome.com/mobileDetail/1069/1069,,
S,new_candidate,スマートフォン,iPhone 16 Pro Max 256GB デザートチタニウム,4549995536447,160000,https://www.1-chome.com/mobileDetail/1063/1063,,
S,new_candidate,スマートフォン,iPhone 16 Pro Max 256GB ナチュラルチタニウム,4549995536454,160000,https://www.1-chome.com/mobileDetail/1063/1063,,
S,new_candidate,スマートフォン,iPhone 16 Pro Max 256GB ブラックチタニウム,4549995536423,160000,https://www.1-chome.com/mobileDetail/1063/1063,,
S,new_candidate,スマートフォン,iPhone 16 Pro Max 256GB ホワイトチタニウム,4549995536430,160000,https://www.1-chome.com/mobileDetail/1063/1063,,
S,new_candidate,スマートフォン,iPhone 16 Pro 512GB デザートチタニウム,4549995532968,150000,https://www.1-chome.com/mobileDetail/1068/1068,,
S,new_candidate,スマートフォン,iPhone 16 Pro 512GB ナチュラルチタニウム,4549995533019,150000,https://www.1-chome.com/mobileDetail/1068/1068,,
S,new_candidate,スマートフォン,iPhone 16 Pro 512GB ブラックチタニウム,4549995532869,150000,https://www.1-chome.com/mobileDetail/1068/1068,,
S,new_candidate,スマートフォン,iPhone 16 Pro 512GB ホワイトチタニウム,4549995532913,150000,https://www.1-chome.com/mobileDetail/1068/1068,,
S,new_candidate,スマートフォン,iPhone 16 Pro 256GB デザートチタニウム,4549995532760,147000,https://www.1-chome.com/mobileDetail/1067/1067,,
S,new_candidate,スマートフォン,iPhone 16 Pro 256GB ナチュラルチタニウム,4549995532814,147000,https://www.1-chome.com/mobileDetail/1067/1067,,
S,new_candidate,スマートフォン,iPhone 16 Pro 256GB ブラックチタニウム,4549995532661,147000,https://www.1-chome.com/mobileDetail/1067/1067,,
S,new_candidate,スマートフォン,iPhone 16 Pro 256GB ホワイトチタニウム,4549995532715,147000,https://www.1-chome.com/mobileDetail/1067/1067,,
S,new_candidate,スマートフォン,iPhone 16 Pro 128GB デザートチタニウム,4549995532562,129000,https://www.1-chome.com/mobileDetail/1066/1066,,
S,new_candidate,スマートフォン,iPhone 16 Pro 128GB ナチュラルチタニウム,4549995532616,129000,https://www.1-chome.com/mobileDetail/1066/1066,,
S,new_candidate,スマートフォン,iPhone 16 Pro 128GB ブラックチタニウム,4549995532463,129000,https://www.1-chome.com/mobileDetail/1066/1066,,
S,new_candidate,スマートフォン,iPhone 16 Pro 128GB ホワイトチタニウム,4549995532517,129000,https://www.1-chome.com/mobileDetail/1066/1066,,
S,new_candidate,スマートフォン,iPhone 16 Plus 512GB ウルトラマリン,4549995526011,108000,https://www.1-chome.com/mobileDetail/1059/1059,,
S,new_candidate,スマートフォン,iPhone 16 Plus 512GB ティール,4549995526066,108000,https://www.1-chome.com/mobileDetail/1059/1059,,
S,new_candidate,スマートフォン,iPhone 16 Plus 512GB ピンク,4549995525960,108000,https://www.1-chome.com/mobileDetail/1059/1059,,
S,new_candidate,スマートフォン,iPhone 16 Plus 512GB ブラック,4549995525861,108000,https://www.1-chome.com/mobileDetail/1059/1059,,
S,new_candidate,スマートフォン,iPhone 16 Plus 512GB ホワイト,4549995525915,108000,https://www.1-chome.com/mobileDetail/1059/1059,,
S,new_candidate,スマートフォン,iPhone 16 512GB ウルトラマリン,4549995539172,104000,https://www.1-chome.com/mobileDetail/1062/1062,,
S,new_candidate,スマートフォン,iPhone 16 512GB ティール,4549995539189,104000,https://www.1-chome.com/mobileDetail/1062/1062,,
S,new_candidate,スマートフォン,iPhone 16 512GB ピンク,4549995539165,104000,https://www.1-chome.com/mobileDetail/1062/1062,,
S,new_candidate,スマートフォン,iPhone 16 512GB ブラック,4549995539141,104000,https://www.1-chome.com/mobileDetail/1062/1062,,
S,new_candidate,スマートフォン,iPhone 16 512GB ホワイト,4549995539158,104000,https://www.1-chome.com/mobileDetail/1062/1062,,
S,new_candidate,スマートフォン,iPhone 16 Plus 256GB ウルトラマリン,4549995525762,101000,https://www.1-chome.com/mobileDetail/1058/1058,,
S,new_candidate,スマートフォン,iPhone 16 Plus 256GB ティール,4549995525816,101000,https://www.1-chome.com/mobileDetail/1058/1058,,
S,new_candidate,スマートフォン,iPhone 16 Plus 256GB ピンク,4549995525717,101000,https://www.1-chome.com/mobileDetail/1058/1058,,
S,new_candidate,スマートフォン,iPhone 16 Plus 256GB ブラック,4549995525618,101000,https://www.1-chome.com/mobileDetail/1058/1058,,
S,new_candidate,スマートフォン,iPhone 16 Plus 256GB ホワイト,4549995525663,101000,https://www.1-chome.com/mobileDetail/1058/1058,,
S,new_candidate,スマートフォン,iPhone 17e 512GB ソフトピンク,4549995677737,100000,https://www.1-chome.com/mobileDetail/1445/1445,,
S,new_candidate,スマートフォン,iPhone 17e 512GB ブラック,4549995677638,100000,https://www.1-chome.com/mobileDetail/1445/1445,,
S,new_candidate,スマートフォン,iPhone 17e 512GB ホワイト,4549995677683,100000,https://www.1-chome.com/mobileDetail/1445/1445,,
S,new_candidate,スマートフォン,iPhone 16 256GB ウルトラマリン,4549995539127,99000,https://www.1-chome.com/mobileDetail/1061/1061,,
S,new_candidate,スマートフォン,iPhone 16 256GB ティール,4549995539134,99000,https://www.1-chome.com/mobileDetail/1061/1061,,
S,new_candidate,スマートフォン,iPhone 16 256GB ピンク,4549995539110,99000,https://www.1-chome.com/mobileDetail/1061/1061,,
S,new_candidate,スマートフォン,iPhone 16 256GB ブラック,4549995539097,99000,https://www.1-chome.com/mobileDetail/1061/1061,,
S,new_candidate,スマートフォン,iPhone 16 256GB ホワイト,4549995539103,99000,https://www.1-chome.com/mobileDetail/1061/1061,,
S,new_candidate,スマートフォン,iPhone 16 Plus 128GB ウルトラマリン,4549995525519,91000,https://www.1-chome.com/mobileDetail/1057/1057,,
S,new_candidate,スマートフォン,iPhone 16 Plus 128GB ティール,4549995525564,91000,https://www.1-chome.com/mobileDetail/1057/1057,,
S,new_candidate,スマートフォン,iPhone 16 Plus 128GB ピンク,4549995525465,91000,https://www.1-chome.com/mobileDetail/1057/1057,,
S,new_candidate,スマートフォン,iPhone 16 Plus 128GB ブラック,4549995525366,91000,https://www.1-chome.com/mobileDetail/1057/1057,,
S,new_candidate,スマートフォン,iPhone 16 Plus 128GB ホワイト,4549995525410,91000,https://www.1-chome.com/mobileDetail/1057/1057,,
S,new_candidate,スマートフォン,iPhone 16 128GB ウルトラマリン,4549995539073,86500,https://www.1-chome.com/mobileDetail/1060/1060,,
S,new_candidate,スマートフォン,iPhone 16 128GB ティール,4549995539080,86500,https://www.1-chome.com/mobileDetail/1060/1060,,
S,new_candidate,スマートフォン,iPhone 16 128GB ピンク,4549995539066,86500,https://www.1-chome.com/mobileDetail/1060/1060,,
S,new_candidate,スマートフォン,iPhone 16 128GB ブラック,4549995539042,86500,https://www.1-chome.com/mobileDetail/1060/1060,,
S,new_candidate,スマートフォン,iPhone 16 128GB ホワイト,4549995539059,86500,https://www.1-chome.com/mobileDetail/1060/1060,,
S,new_candidate,スマートフォン,iPhone 17e 256GB ソフトピンク,4549995677584,81000,https://www.1-chome.com/mobileDetail/1444/1444,,
S,new_candidate,スマートフォン,iPhone 17e 256GB ブラック,4549995677485,81000,https://www.1-chome.com/mobileDetail/1444/1444,,
S,new_candidate,スマートフォン,iPhone 17e 256GB ホワイト,4549995677539,81000,https://www.1-chome.com/mobileDetail/1444/1444,,
A,new_candidate,スマートフォン,iPhone 18 Pro Max 2TB グレイシャー,4549995735291,400000,https://www.1-chome.com/mobileDetail/1651/1651,,
A,new_candidate,スマートフォン,iPhone 18 Pro Max 2TB シルバー,4549995735192,400000,https://www.1-chome.com/mobileDetail/1651/1651,,
A,new_candidate,スマートフォン,iPhone 18 Pro Max 2TB バーガンディ,4549995735246,400000,https://www.1-chome.com/mobileDetail/1651/1651,,
A,new_candidate,スマートフォン,iPhone 18 Pro Max 2TB ブラック,4549995735147,400000,https://www.1-chome.com/mobileDetail/1651/1651,,
A,new_candidate,スマートフォン,iPhone 18 Pro 2TB グレイシャー,4549995734294,390000,https://www.1-chome.com/mobileDetail/1655/1655,,
A,new_candidate,スマートフォン,iPhone 18 Pro 2TB シルバー,4549995734270,390000,https://www.1-chome.com/mobileDetail/1655/1655,,
A,new_candidate,スマートフォン,iPhone 18 Pro 2TB バーガンディ,4549995734287,390000,https://www.1-chome.com/mobileDetail/1655/1655,,
A,new_candidate,スマートフォン,iPhone 18 Pro 2TB ブラック,4549995734263,390000,https://www.1-chome.com/mobileDetail/1655/1655,,
A,new_candidate,スマートフォン,iPhone 18 Pro Max 1TB グレイシャー,4549995735093,320000,https://www.1-chome.com/mobileDetail/1650/1650,,
A,new_candidate,スマートフォン,iPhone 18 Pro Max 1TB シルバー,4549995734997,320000,https://www.1-chome.com/mobileDetail/1650/1650,,
A,new_candidate,スマートフォン,iPhone 18 Pro Max 1TB バーガンディ,4549995735048,320000,https://www.1-chome.com/mobileDetail/1650/1650,,
A,new_candidate,スマートフォン,iPhone 18 Pro Max 1TB ブラック,4549995734942,320000,https://www.1-chome.com/mobileDetail/1650/1650,,
A,new_candidate,スマートフォン,iPhone 18 Pro 1TB グレイシャー,4549995734256,270000,https://www.1-chome.com/mobileDetail/1654/1654,,
A,new_candidate,スマートフォン,iPhone 18 Pro 1TB シルバー,4549995734232,270000,https://www.1-chome.com/mobileDetail/1654/1654,,
A,new_candidate,スマートフォン,iPhone 18 Pro 1TB バーガンディ,4549995734249,270000,https://www.1-chome.com/mobileDetail/1654/1654,,
A,new_candidate,スマートフォン,iPhone 18 Pro 1TB ブラック,4549995734225,270000,https://www.1-chome.com/mobileDetail/1654/1654,,
A,new_candidate,スマートフォン,iPhone 18 Pro Max 512GB グレイシャー,4549995734898,254000,https://www.1-chome.com/mobileDetail/1649/1649,,
A,new_candidate,スマートフォン,iPhone 18 Pro Max 512GB シルバー,4549995734799,254000,https://www.1-chome.com/mobileDetail/1649/1649,,
A,new_candidate,スマートフォン,iPhone 18 Pro Max 512GB バーガンディ,4549995734843,254000,https://www.1-chome.com/mobileDetail/1649/1649,,
A,new_candidate,スマートフォン,iPhone 18 Pro Max 512GB ブラック,4549995734744,254000,https://www.1-chome.com/mobileDetail/1649/1649,,
A,new_candidate,スマートフォン,iPhone 18 Pro Max 256GB グレイシャ,4549995734690,223000,https://www.1-chome.com/mobileDetail/1648/1648,,
A,new_candidate,スマートフォン,iPhone 18 Pro Max 256GB シルバー,4549995734591,223000,https://www.1-chome.com/mobileDetail/1648/1648,,
A,new_candidate,スマートフォン,iPhone 18 Pro Max 256GB バーガンディ,4549995734645,223000,https://www.1-chome.com/mobileDetail/1648/1648,,
A,new_candidate,スマートフォン,iPhone 18 Pro Max 256GB ブラック,4549995734546,223000,https://www.1-chome.com/mobileDetail/1648/1648,,
A,new_candidate,スマートフォン,iPhone 18 Pro 512GB グレイシャー,4549995734218,220000,https://www.1-chome.com/mobileDetail/1653/1653,,
A,new_candidate,スマートフォン,iPhone 18 Pro 512GB シルバー,4549995734195,220000,https://www.1-chome.com/mobileDetail/1653/1653,,
A,new_candidate,スマートフォン,iPhone 18 Pro 512GB バーガンディ,4549995734201,220000,https://www.1-chome.com/mobileDetail/1653/1653,,
A,new_candidate,スマートフォン,iPhone 18 Pro 512GB ブラック,4549995734188,220000,https://www.1-chome.com/mobileDetail/1653/1653,,
A,new_candidate,スマートフォン,iPhone 18 Pro 256GB グレイシャー,4549995734171,190000,https://www.1-chome.com/mobileDetail/1652/1652,,
A,new_candidate,スマートフォン,iPhone 18 Pro 256GB シルバー,4549995734157,190000,https://www.1-chome.com/mobileDetail/1652/1652,,
A,new_candidate,スマートフォン,iPhone 18 Pro 256GB バーガンディ,4549995734164,190000,https://www.1-chome.com/mobileDetail/1652/1652,,
A,new_candidate,スマートフォン,iPhone 18 Pro 256GB ブラック,4549995734140,190000,https://www.1-chome.com/mobileDetail/1652/1652,,
A,new_candidate,スマートフォン,iPhone Air 1TB クラウドホワイト,4549995647594,142000,https://www.1-chome.com/mobileDetail/1369/1369,,
A,new_candidate,スマートフォン,iPhone Air 1TB スカイブルー,4549995647617,142000,https://www.1-chome.com/mobileDetail/1369/1369,,
A,new_candidate,スマートフォン,iPhone Air 1TB スペースブラック,4549995647587,142000,https://www.1-chome.com/mobileDetail/1369/1369,,
A,new_candidate,スマートフォン,iPhone Air 1TB ライトゴールド,4549995647600,142000,https://www.1-chome.com/mobileDetail/1369/1369,,
A,new_candidate,スマートフォン,iPhone Air 512GB クラウドホワイト,4549995647556,129000,https://www.1-chome.com/mobileDetail/1368/1368,,
A,new_candidate,スマートフォン,iPhone Air 512GB スカイブルー,4549995647570,129000,https://www.1-chome.com/mobileDetail/1368/1368,,
A,new_candidate,スマートフォン,iPhone Air 512GB スペースブラック,4549995647549,129000,https://www.1-chome.com/mobileDetail/1368/1368,,
A,new_candidate,スマートフォン,iPhone Air 512GB ライトゴールド,4549995647563,129000,https://www.1-chome.com/mobileDetail/1368/1368,,
A,new_candidate,スマートフォン,iPhone Air 256GB クラウドホワイト,4549995647518,115000,https://www.1-chome.com/mobileDetail/1367/1367,,
A,new_candidate,スマートフォン,iPhone Air 256GB スカイブルー,4549995647532,115000,https://www.1-chome.com/mobileDetail/1367/1367,,
A,new_candidate,スマートフォン,iPhone Air 256GB スペースブラック,4549995647501,115000,https://www.1-chome.com/mobileDetail/1367/1367,,
A,new_candidate,スマートフォン,iPhone Air 256GB ライトゴールド,4549995647525,115000,https://www.1-chome.com/mobileDetail/1367/1367,,
A,new_candidate,スマートフォン,Google Pixel 10 128GB Frost,,89000,https://www.1-chome.com/mobileDetail/1342/1342,,
A,new_candidate,スマートフォン,Google Pixel 10 128GB Indigo,,89000,https://www.1-chome.com/mobileDetail/1342/1342,,
A,new_candidate,スマートフォン,Google Pixel 10 128GB Lemongrass,,89000,https://www.1-chome.com/mobileDetail/1342/1342,,
A,new_candidate,スマートフォン,Google Pixel 10 128GB Obsidian,,89000,https://www.1-chome.com/mobileDetail/1342/1342,,
A,new_candidate,スマートフォン,iPhone 16e 512GB ブラック,4549995559033,85000,https://www.1-chome.com/mobileDetail/1228/1228,,
A,new_candidate,スマートフォン,iPhone 16e 512GB ホワイト,4549995559040,85000,https://www.1-chome.com/mobileDetail/1228/1228,,
A,new_candidate,スマートフォン,iPhone 16e 256GB ブラック,4549995559019,75000,https://www.1-chome.com/mobileDetail/1227/1227,,
A,new_candidate,スマートフォン,iPhone 16e 256GB ホワイト,4549995559026,75000,https://www.1-chome.com/mobileDetail/1227/1227,,
A,new_candidate,スマートフォン,Google Pixel 10a 256GB Fog,,72000,https://www.1-chome.com/mobileDetail/1479/1479,,
A,new_candidate,スマートフォン,Google Pixel 10a 256GB Isai Blue,,72000,https://www.1-chome.com/mobileDetail/1479/1479,,
A,new_candidate,スマートフォン,Google Pixel 10a 256GB Lavender,,72000,https://www.1-chome.com/mobileDetail/1479/1479,,
A,new_candidate,スマートフォン,Google Pixel 10a 256GB Obsidian,,72000,https://www.1-chome.com/mobileDetail/1479/1479,,
A,new_candidate,スマートフォン,iPhone 16e 128GB ブラック,4549995558999,70000,https://www.1-chome.com/mobileDetail/1226/1226,,
A,new_candidate,スマートフォン,iPhone 16e 128GB ホワイト,4549995559002,70000,https://www.1-chome.com/mobileDetail/1226/1226,,
A,new_candidate,スマートフォン,Google Pixel 9a 256GB Iris,,68500,https://www.1-chome.com/mobileDetail/1264/1264,,
A,new_candidate,スマートフォン,Google Pixel 9a 256GB Obsidian,,68500,https://www.1-chome.com/mobileDetail/1264/1264,,
A,new_candidate,スマートフォン,Google Pixel 9a 256GB Peony,,68500,https://www.1-chome.com/mobileDetail/1264/1264,,
A,new_candidate,スマートフォン,Google Pixel 9a 256GB Porcelain,,68500,https://www.1-chome.com/mobileDetail/1264/1264,,
A,new_candidate,ゲーム,Nintendo Switch 2（日本語・国内専用）スプラトゥーン レイダース セット,4902370554779,64980,https://www.1-chome.com/wineDetail/9564/9564,,
A,new_candidate,スマートフォン,Google Pixel 10a 128GB Berry,,59500,https://www.1-chome.com/mobileDetail/1478/1478,,
A,new_candidate,スマートフォン,Google Pixel 10a 128GB Fog,,59500,https://www.1-chome.com/mobileDetail/1478/1478,,
A,new_candidate,スマートフォン,Google Pixel 10a 128GB Lavender,,59500,https://www.1-chome.com/mobileDetail/1478/1478,,
A,new_candidate,スマートフォン,Google Pixel 10a 128GB Obsidian,,59500,https://www.1-chome.com/mobileDetail/1478/1478,,
A,new_candidate,スマートフォン,Google Pixel 9a 128GB Iris,,58000,https://www.1-chome.com/mobileDetail/1263/1263,,
A,new_candidate,スマートフォン,Google Pixel 9a 128GB Obsidian,,58000,https://www.1-chome.com/mobileDetail/1263/1263,,
A,new_candidate,スマートフォン,Google Pixel 9a 128GB Peony,,58000,https://www.1-chome.com/mobileDetail/1263/1263,,
A,new_candidate,スマートフォン,Google Pixel 9a 128GB Porcelain,,58000,https://www.1-chome.com/mobileDetail/1263/1263,,
B,new_candidate,その他,Apple Watch Ultra 4 GPS+Cellular 49mm ナチュラル,,110000,https://www.1-chome.com/mobileDetail/1663/1663,,
B,new_candidate,その他,Apple Watch Ultra 4 GPS+Cellular 49mm ブラック,,110000,https://www.1-chome.com/mobileDetail/1662/1662,,
B,new_candidate,その他,Apple Watch Ultra 3 GPS+Cellular 49mm ナチュラル チタニウムケース アルパインループ L 【MEWP4J/A】,4549995627220,90000,https://www.1-chome.com/mobileDetail/1391/1391,,
B,new_candidate,その他,Apple Watch Ultra 3 GPS+Cellular 49mm ナチュラル チタニウムケース アルパインループ M 【MEWM4J/A】,4549995627213,90000,https://www.1-chome.com/mobileDetail/1391/1391,,
B,new_candidate,その他,Apple Watch Ultra 3 GPS+Cellular 49mm ナチュラル チタニウムケース アルパインループ S 【MEWK4J/A】,4549995627206,90000,https://www.1-chome.com/mobileDetail/1391/1391,,
B,new_candidate,その他,Apple Watch Ultra 3 GPS+Cellular 49mm ナチュラル チタニウムケース オーシャンバンド フリーサイズ 【MEWH4J/A】,4549995627190,90000,https://www.1-chome.com/mobileDetail/1391/1391,,
B,new_candidate,その他,Apple Watch Ultra 3 GPS+Cellular 49mm ナチュラル チタニウムケース トレイルループ M/L 【MEWU4J/A】,4549995627244,90000,https://www.1-chome.com/mobileDetail/1391/1391,,
B,new_candidate,その他,Apple Watch Ultra 3 GPS+Cellular 49mm ナチュラル チタニウムケース トレイルループ S/M 【MEWR4J/A】,4549995627237,90000,https://www.1-chome.com/mobileDetail/1391/1391,,
B,new_candidate,その他,Apple Watch Ultra 3 GPS+Cellular 49mm ナチュラル チタニウムケース ミラネーゼループ L 【MF0E4J/A】,4549995627275,90000,https://www.1-chome.com/mobileDetail/1391/1391,,
B,new_candidate,その他,Apple Watch Ultra 3 GPS+Cellular 49mm ナチュラル チタニウムケース ミラネーゼループ M 【MEWY4J/A】,4549995627268,90000,https://www.1-chome.com/mobileDetail/1391/1391,,
B,new_candidate,その他,Apple Watch Ultra 3 GPS+Cellular 49mm ナチュラル チタニウムケース ミラネーゼループ S 【MEWW4J/A】,4549995627251,90000,https://www.1-chome.com/mobileDetail/1391/1391,,
B,new_candidate,その他,Apple Watch Ultra 3 GPS+Cellular ブラック チタニウムケース アルパインループ L 【MF0X4J/A】,4549995627312,90000,https://www.1-chome.com/mobileDetail/1392/1392,,
B,new_candidate,その他,Apple Watch Ultra 3 GPS+Cellular ブラック チタニウムケース アルパインループ M 【MF0V4J/A】,4549995627305,90000,https://www.1-chome.com/mobileDetail/1392/1392,,
B,new_candidate,その他,Apple Watch Ultra 3 GPS+Cellular ブラック チタニウムケース アルパインループ S 【MF0Q4J/A】,4549995627299,90000,https://www.1-chome.com/mobileDetail/1392/1392,,
B,new_candidate,その他,Apple Watch Ultra 3 GPS+Cellular ブラック チタニウムケース オーシャンバンド フリーサイズ 【MF0J4J/A】,4549995627282,90000,https://www.1-chome.com/mobileDetail/1392/1392,,
B,new_candidate,その他,Apple Watch Ultra 3 GPS+Cellular ブラック チタニウムケース トレイルループ M/L 【MF1H4J/A】,4549995627336,90000,https://www.1-chome.com/mobileDetail/1392/1392,,
B,new_candidate,その他,Apple Watch Ultra 3 GPS+Cellular ブラック チタニウムケース トレイルループ S/M 【MF1D4J/A】,4549995627329,90000,https://www.1-chome.com/mobileDetail/1392/1392,,
B,new_candidate,その他,Apple Watch Ultra 3 GPS+Cellular ブラック チタニウムケース ミラネーゼループ L 【MF1T4J/A】,4549995627367,90000,https://www.1-chome.com/mobileDetail/1392/1392,,
B,new_candidate,その他,Apple Watch Ultra 3 GPS+Cellular ブラック チタニウムケース ミラネーゼループ M 【MF1Q4J/A】,4549995627350,90000,https://www.1-chome.com/mobileDetail/1392/1392,,
B,new_candidate,その他,Apple Watch Ultra 3 GPS+Cellular ブラック チタニウムケース ミラネーゼループ S 【MF1N4J/A】,4549995627343,90000,https://www.1-chome.com/mobileDetail/1392/1392,,
B,new_candidate,その他,AirPods Max 2 オレンジ MHWN4ZA/A,4549995687170,89800,https://www.1-chome.com/wineDetail/8468/8468,,
B,new_candidate,その他,AirPods Max 2 スターライト MHWL4ZA/A,4549995687156,89800,https://www.1-chome.com/wineDetail/8466/8466,,
B,new_candidate,その他,AirPods Max 2 パープル MHWP4ZA/A,4549995687187,89800,https://www.1-chome.com/wineDetail/8469/8469,,
B,new_candidate,その他,AirPods Max 2 ブルー MHWM4ZA/A,4549995687163,89800,https://www.1-chome.com/wineDetail/8467/8467,,
B,new_candidate,その他,AirPods Max 2 ミッドナイト MHWK4ZA/A,4549995687149,89800,https://www.1-chome.com/wineDetail/8465/8465,,
B,new_candidate,その他,2025年 iPad 11インチ Wi-Fi 512GB イエロー【MD5A4J/A】,4549995560176,87000,https://www.1-chome.com/mobileDetail/1240/1240,,
B,new_candidate,その他,2025年 iPad 11インチ Wi-Fi 512GB シルバー【MD4Q4J/A】,4549995560152,87000,https://www.1-chome.com/mobileDetail/1240/1240,,
B,new_candidate,その他,2025年 iPad 11インチ Wi-Fi 512GB ピンク【MD5C4J/A】,4549995560183,87000,https://www.1-chome.com/mobileDetail/1240/1240,,
B,new_candidate,その他,2025年 iPad 11インチ Wi-Fi 512GB ブルー【MD4Y4J/A】,4549995560169,87000,https://www.1-chome.com/mobileDetail/1240/1240,,
B,new_candidate,その他,AirPods Max（USB-C）オレンジ MWW73ZA/A,4549995552119,84800,https://www.1-chome.com/wineDetail/6054/6054,,
B,new_candidate,その他,AirPods Max（USB-C）スターライト MWW53ZA/A,4549995552096,84800,https://www.1-chome.com/wineDetail/6052/6052,,
B,new_candidate,その他,AirPods Max（USB-C）パープル MWW83ZA/A,4549995552126,84800,https://www.1-chome.com/wineDetail/6055/6055,,
B,new_candidate,その他,AirPods Max（USB-C）ブルー MWW63ZA/A,4549995552102,84800,https://www.1-chome.com/wineDetail/6053/6053,,
B,new_candidate,その他,AirPods Max（USB-C）ミッドナイト MWW43ZA/A,4549995552089,84800,https://www.1-chome.com/wineDetail/6051/6051,,
B,new_candidate,その他,Apple Watch Series 12 GPS 46mm アルミニウムケース スペースグレイ【MJEH4X/A】,4549995737110,63000,https://www.1-chome.com/mobileDetail/1661/1661,,
B,new_candidate,その他,Apple Watch Series 12 GPS 46mm アルミニウムケース ダークブロンズ【MJEQ4X/A】,4549995737172,63000,https://www.1-chome.com/mobileDetail/1661/1661,,
B,new_candidate,その他,Apple Watch Series 12 GPS 46mm アルミニウムケース ブラック【MJEK4X/A】,4549995737134,63000,https://www.1-chome.com/mobileDetail/1661/1661,,
B,new_candidate,その他,Apple Watch Series 12 GPS 46mm アルミニウムケース ライトゴールド【 MJEP4X/A】,4549995737165,63000,https://www.1-chome.com/mobileDetail/1661/1661,,
B,new_candidate,その他,Google Pixel Watch 5 Wi-Fiモデル 45mm Matte Black / Obsidian,0840353962217,59000,https://www.1-chome.com/mobileDetail/1618/1618,,
B,new_candidate,その他,Google Pixel Watch 5 Wi-Fiモデル 45mm Polished Silver / Fog,0840353962255,59000,https://www.1-chome.com/mobileDetail/1618/1618,,
B,new_candidate,その他,Google Pixel Watch 5 Wi-Fiモデル 45mm Satin Pyrite / Olive,0840353962170,59000,https://www.1-chome.com/mobileDetail/1618/1618,,
B,new_candidate,その他,Apple Watch Series 12 GPS 42mm アルミニウムケース スペースグレイ【MJE74X/A】,4549995737035,58000,https://www.1-chome.com/mobileDetail/1660/1660,,
B,new_candidate,その他,Apple Watch Series 12 GPS 42mm アルミニウムケース ダークブロンズ【MJEF4X/A】,4549995737097,58000,https://www.1-chome.com/mobileDetail/1660/1660,,
B,new_candidate,その他,Apple Watch Series 12 GPS 42mm アルミニウムケース ブラック【MJEA4X/A】,4549995737059,58000,https://www.1-chome.com/mobileDetail/1660/1660,,
B,new_candidate,その他,Apple Watch Series 12 GPS 42mm アルミニウムケース ライトゴールド【MJED4X/A】,4549995737073,58000,https://www.1-chome.com/mobileDetail/1660/1660,,
B,new_candidate,その他,ザ・マッカラン18年 700ml,5010719187003,57200,https://www.1-chome.com/wineDetail/1702/1702,,
B,new_candidate,その他,2025年 iPad 11インチ Wi-Fi 256GB イエロー【MD4J4J/A】,4549995560138,55000,https://www.1-chome.com/mobileDetail/1239/1239,,
B,new_candidate,その他,2025年 iPad 11インチ Wi-Fi 256GB シルバー【MD4G4J/A】,4549995560114,55000,https://www.1-chome.com/mobileDetail/1239/1239,,
B,new_candidate,その他,2025年 iPad 11インチ Wi-Fi 256GB ピンク【MD4P4J/A】,4549995560145,55000,https://www.1-chome.com/mobileDetail/1239/1239,,
B,new_candidate,その他,2025年 iPad 11インチ Wi-Fi 256GB ブルー【MD4H4J/A】,4549995560121,55000,https://www.1-chome.com/mobileDetail/1239/1239,,
B,new_candidate,その他,サントリーウイスキー響21年 700ml,4901777040427,55000,https://www.1-chome.com/wineDetail/1718/1718,,
B,new_candidate,その他,Google Pixel Watch 5 Wi-Fiモデル 41mm Champagne Gold / Canyon,0840353962057,52000,https://www.1-chome.com/mobileDetail/1617/1617,,
B,new_candidate,その他,Google Pixel Watch 5 Wi-Fiモデル 41mm Matte Black / Obsidian,0840353962095,52000,https://www.1-chome.com/mobileDetail/1617/1617,,
B,new_candidate,その他,Google Pixel Watch 5 Wi-Fiモデル 41mm Polished Silver / Fog,0840353962132,52000,https://www.1-chome.com/mobileDetail/1617/1617,,
B,new_candidate,その他,Google Pixel Watch 5 Wi-Fiモデル 41mm Satin Pyrite / Olive,0840353961920,52000,https://www.1-chome.com/mobileDetail/1617/1617,,
B,new_candidate,カメラ,OM SYSTEM Tough TG-7 [レッド],4545350055981,51000,https://www.1-chome.com/wineDetail/5435/5435,,
B,new_candidate,カメラ,OM SYSTEM Tough TG-7 [ブラック],4545350055974,50500,https://www.1-chome.com/wineDetail/5434/5434,,
B,new_candidate,その他,2025年 iPad 11インチ Wi-Fi 128GB イエロー【MD4D4J/A】,4549995560091,45000,https://www.1-chome.com/mobileDetail/1238/1238,,
B,new_candidate,その他,2025年 iPad 11インチ Wi-Fi 128GB シルバー【MD3Y4J/A】,4549995560077,45000,https://www.1-chome.com/mobileDetail/1238/1238,,
B,new_candidate,その他,2025年 iPad 11インチ Wi-Fi 128GB ピンク【MD4E4J/A】,4549995560107,45000,https://www.1-chome.com/mobileDetail/1238/1238,,
B,new_candidate,その他,2025年 iPad 11インチ Wi-Fi 128GB ブルー【MD4A4J/A】,4549995560084,45000,https://www.1-chome.com/mobileDetail/1238/1238,,
B,new_candidate,カメラ,PENTAX WG-90 [ブルー],4549212306488,38100,https://www.1-chome.com/wineDetail/5594/5594,,
B,new_candidate,カメラ,PENTAX WG-90 [ブラック],4549212306396,37600,https://www.1-chome.com/wineDetail/5595/5595,,
B,new_candidate,その他,New Amazon Kindle Colorsoft シグニチャーエディション 32GB,0840414661905,36000,https://www.1-chome.com/wineDetail/8213/8213,,
B,new_candidate,その他,Apple Watch SE 3 GPS 44mm アルミニウムケース スターライト M/L 【MEHJ4J/A】,4549995615456,35500,https://www.1-chome.com/mobileDetail/1379/1379,,
B,new_candidate,その他,Apple Watch SE 3 GPS 44mm アルミニウムケース スターライト S/M 【MEHG4J/A】,4549995615449,35500,https://www.1-chome.com/mobileDetail/1379/1379,,
B,new_candidate,その他,Apple Watch SE 3 GPS 44mm アルミニウムケース ミッドナイト M/L 【MEHQ4J/A】,4549995615487,35500,https://www.1-chome.com/mobileDetail/1379/1379,,
B,new_candidate,その他,Apple Watch SE 3 GPS 44mm アルミニウムケース ミッドナイト S/M 【MEHN4J/A】,4549995615470,35500,https://www.1-chome.com/mobileDetail/1379/1379,,
B,new_candidate,その他,Apple Watch SE 3 GPS+Cellular 44mm アルミニウムケース スターライト M/L 【MEPF4J/A】,4549995619041,35500,https://www.1-chome.com/mobileDetail/1380/1380,,
B,new_candidate,その他,Apple Watch SE 3 GPS+Cellular 44mm アルミニウムケース スターライト S/M 【MEPE4J/A】,4549995619003,35500,https://www.1-chome.com/mobileDetail/1380/1380,,
B,new_candidate,その他,Apple Watch SE 3 GPS+Cellular 44mm アルミニウムケース ミッドナイト M/L 【MEPJ4J/A】,4549995619164,35500,https://www.1-chome.com/mobileDetail/1380/1380,,
B,new_candidate,その他,Apple Watch SE 3 GPS+Cellular 44mm アルミニウムケース ミッドナイト S/M 【MEPH4J/A】,4549995619126,35500,https://www.1-chome.com/mobileDetail/1380/1380,,
B,new_candidate,その他,SONY WF-1000XM6 ブラック,4548736171763,34300,https://www.1-chome.com/wineDetail/8358/8358,,
B,new_candidate,その他,SONY WF-1000XM6 シルバー,4548736171817,33800,https://www.1-chome.com/wineDetail/8359/8359,,
B,new_candidate,その他,Apple Watch SE 3 GPS 40mm アルミニウムケース スターライト M/L 【MEH54J/A】,4549995615395,33500,https://www.1-chome.com/mobileDetail/1377/1377,,
B,new_candidate,その他,Apple Watch SE 3 GPS 40mm アルミニウムケース スターライト S/M 【MEH34J/A】,4549995615388,33500,https://www.1-chome.com/mobileDetail/1377/1377,,
B,new_candidate,その他,Apple Watch SE 3 GPS 40mm アルミニウムケース スターライト/サンド S/M 【MJKR4J/A】,4549995707823,33500,https://www.1-chome.com/mobileDetail/1377/1377,,
B,new_candidate,その他,Apple Watch SE 3 GPS 40mm アルミニウムケース ミッドナイト M/L 【MEHC4J/A】,4549995615425,33500,https://www.1-chome.com/mobileDetail/1377/1377,,
B,new_candidate,その他,Apple Watch SE 3 GPS 40mm アルミニウムケース ミッドナイト S/M 【MEH94J/A】,4549995615418,33500,https://www.1-chome.com/mobileDetail/1377/1377,,
B,new_candidate,その他,Apple Watch SE 3 GPS 40mm アルミニウムケース ミッドナイト/ネイビ S/M 【MJKY4J/A】,4549995707847,33500,https://www.1-chome.com/mobileDetail/1377/1377,,
B,new_candidate,その他,Apple Watch SE 3 GPS+Cellular 40mm アルミニウムケース スターライト M/L 【MEP74J/A】,4549995618808,33500,https://www.1-chome.com/mobileDetail/1378/1378,,
B,new_candidate,その他,Apple Watch SE 3 GPS+Cellular 40mm アルミニウムケース スターライト S/M 【MEP64J/A】,4549995618761,33500,https://www.1-chome.com/mobileDetail/1378/1378,,
B,new_candidate,その他,Apple Watch SE 3 GPS+Cellular 40mm アルミニウムケース ミッドナイト M/L 【MEPC4J/A】,4549995618921,33500,https://www.1-chome.com/mobileDetail/1378/1378,,
B,new_candidate,その他,Apple Watch SE 3 GPS+Cellular 40mm アルミニウムケース ミッドナイト S/M 【MEP94J/A】,4549995618884,33500,https://www.1-chome.com/mobileDetail/1378/1378,,
B,new_candidate,その他,AirPods Pro 第3世代 MFHP4J/A,4549995635232,30000,https://www.1-chome.com/wineDetail/7470/7470,,
B,new_candidate,その他,Technics EAH-AZ100-K,4549980797280,29500,https://www.1-chome.com/wineDetail/6341/6341,,
B,new_candidate,その他,New Kindle Paperwhite シグニチャーエディション 32GB メタリックジェード(2024年),0840268918132,29400,https://www.1-chome.com/wineDetail/6182/6182,,
B,new_candidate,その他,New Kindle Paperwhite シグニチャーエディション 32GB メタリックブラック(2024年),0840268929282,29000,https://www.1-chome.com/wineDetail/6183/6183,,
B,new_candidate,その他,Technics EAH-AZ100-S,4549980797297,29000,https://www.1-chome.com/wineDetail/6340/6340,,
B,new_candidate,その他,Technics EAH-AZ100-N,4549980975312,28800,https://www.1-chome.com/wineDetail/7081/7081,,
B,new_candidate,その他,New Amazon Kindle Colorsoft シグニチャーエディション 16GB,0840414610231,28000,https://www.1-chome.com/wineDetail/8214/8214,,
B,new_candidate,その他,AirPods 5 MKFT4J/A 【ワイヤレス充電ケース付き】,4549995725025,27800,https://www.1-chome.com/wineDetail/10644/10644,,
B,new_candidate,その他,SONY WH-1000XM4 ブラック,4548736112100,26000,https://www.1-chome.com/wineDetail/1143/1143,,
B,new_candidate,その他,Bose Quietcomfort Ultra Earbuds 第2世代 ミッドナイトバイオレット,4969929261151,24000,https://www.1-chome.com/wineDetail/7800/7800,,
B,new_candidate,カメラ,Panasonic ジェットウォッシャー ナノクレンズ ドルツ EW-NJ80-W,4549980755402,24000,https://www.1-chome.com/wineDetail/5994/5994,,
B,new_candidate,その他,AirPods 5 MKFW4J/A,4549995725049,23800,https://www.1-chome.com/wineDetail/10643/10643,,
B,new_candidate,その他,New Kindle Paperwhite 16GB ブラック(2024年),0840268942847,23500,https://www.1-chome.com/wineDetail/6181/6181,,
B,new_candidate,その他,Bose Quietcomfort Ultra Earbuds 第2世代 ディーププラム,4969929261137,23000,https://www.1-chome.com/wineDetail/7256/7256,,
B,new_candidate,その他,Bose Quietcomfort Ultra Earbuds 第2世代 デザートゴールド,4969929261144,23000,https://www.1-chome.com/wineDetail/7880/7880,,
B,new_candidate,その他,Bose Quietcomfort Ultra Earbuds 第2世代 ブラック,4969929261113,23000,https://www.1-chome.com/wineDetail/7254/7254,,
B,new_candidate,その他,Bose Quietcomfort Ultra Earbuds 第2世代 ホワイトスモーク,4969929261120,23000,https://www.1-chome.com/wineDetail/7255/7255,,
B,new_candidate,その他,SONY WF-1000XM5 ブラック,4548736143470,22800,https://www.1-chome.com/wineDetail/5232/5232,,
B,new_candidate,その他,SONY WF-1000XM5 プラチナシルバー,4548736143531,20000,https://www.1-chome.com/wineDetail/5233/5233,,
B,new_candidate,カメラ,instax SQUARE SQ40 チェキスクエア [ブラック],4547410511178,19000,https://www.1-chome.com/wineDetail/5620/5620,,
B,new_candidate,その他,Bose Ultra Open Earbuds BLK ULTRAOPENEBBLK,4969929259240,18500,https://www.1-chome.com/wineDetail/5596/5596,,
B,new_candidate,その他,Bose Ultra Open Earbuds WHT ULTRAOPENEBWHT,4969929259257,18500,https://www.1-chome.com/wineDetail/5597/5597,,
B,new_candidate,その他,New Kindle 16GB マッチャ(2024年),0840414673731,17700,https://www.1-chome.com/wineDetail/6179/6179,,
B,new_candidate,その他,Bose Ultra Open Earbuds Moonstone Blue,4969929260321,17000,https://www.1-chome.com/wineDetail/6049/6049,,
B,new_candidate,その他,New Kindle 16GB ブラック(2024年),0840414617858,17000,https://www.1-chome.com/wineDetail/6180/6180,,
B,new_candidate,その他,サントリーシングルモルトウイスキー 山崎12年 700ml,4901777188914,16500,https://www.1-chome.com/wineDetail/1732/1732,,
B,new_candidate,その他,サントリーシングルモルトウイスキー 白州12年 700ml,4901777360440,16500,https://www.1-chome.com/wineDetail/1720/1720,,
B,new_candidate,その他,Technics EAH-AZ80-S シルバー,4549980651896,16000,https://www.1-chome.com/wineDetail/5098/5098,,
B,new_candidate,その他,Technics EAH-AZ80-K ブラック,4549980651889,15500,https://www.1-chome.com/wineDetail/5099/5099,,
B,new_candidate,その他,Bose QuietComfort Ultra Earbuds Black QCULTRAEARBUDSBLK,4969929259165,14000,https://www.1-chome.com/wineDetail/5336/5336,,
B,new_candidate,その他,ザ・マッカラン12年 700ml,5010314017408,13750,https://www.1-chome.com/wineDetail/4203/4203,,
B,new_candidate,その他,Bose QuietComfort Ultra Earbuds LUNAR BLUE,4969929260208,13000,https://www.1-chome.com/wineDetail/6050/6050,,
B,new_candidate,その他,Bose QuietComfort Ultra Earbuds Moon Stone Blue QCULTRAEARBUDSMSN,4969929259530,13000,https://www.1-chome.com/wineDetail/5334/5334,,
B,new_candidate,その他,Bose QuietComfort Ultra Earbuds White Smoke QCULTRAEARBUDSWHT,4969929259172,13000,https://www.1-chome.com/wineDetail/5335/5335,,
B,new_candidate,カメラ,CANON EF-EOSR,4549292115703,12500,https://www.1-chome.com/wineDetail/5450/5450,,
B,new_candidate,カメラ,instax mini 41 チェキ,4547410545173,12100,https://www.1-chome.com/wineDetail/6914/6914,,
B,new_candidate,その他,サントリーウイスキー 響 BLENDER’S CHOICE 700ml,4901777321632,12000,https://www.1-chome.com/wineDetail/1725/1725,,
B,new_candidate,その他,サントリーシングルモルトウイスキー 山崎 700ml,4901777233812,7700,https://www.1-chome.com/wineDetail/1731/1731,,
B,new_candidate,その他,サントリーシングルモルトウイスキー 白州 700ml,4901777233911,7700,https://www.1-chome.com/wineDetail/1719/1719,,
B,new_candidate,その他,サントリーウイスキー 響 JAPANESE HARMONY 700ml,4901777270688,7500,https://www.1-chome.com/wineDetail/1728/1728,,
B,new_candidate,カメラ,写ルンです シンプルエース 27枚撮り【2025年】,4547410550955,2860,https://www.1-chome.com/wineDetail/6859/6859,,
B,new_candidate,その他,サントリー シングルモルト 山崎 180ml,4901777237841,2145,https://www.1-chome.com/wineDetail/5628/5628,,
B,new_candidate,その他,サントリーシングルモルトウイスキー 白州 180ml,4901777237896,2145,https://www.1-chome.com/wineDetail/4201/4201,,
C,new_candidate,ゲーム,Steam Machine 2TB + Steam Controller,0814585023527,264980,https://www.1-chome.com/wineDetail/9629/9629,,
C,new_candidate,その他,Steam Machine 2TB,0814585023503,249980,https://www.1-chome.com/wineDetail/9628/9628,,
C,new_candidate,スマートフォン,Google Pixel 11 Pro Fold 512GB Obsidian,,238500,https://www.1-chome.com/mobileDetail/1616/1616,,
C,new_candidate,スマートフォン,Google Pixel 11 Pro Fold 256GB Obsidian,,213000,https://www.1-chome.com/mobileDetail/1615/1615,,
C,new_candidate,スマートフォン,Google Pixel 11 Pro Fold 256GB Olive,,213000,https://www.1-chome.com/mobileDetail/1615/1615,,
C,new_candidate,ゲーム,Steam Machine 512GB + Steam Controller,0814585023497,204980,https://www.1-chome.com/wineDetail/9627/9627,,
C,new_candidate,スマートフォン,Google Pixel 11 Pro XL 512GB Canyon,,172500,https://www.1-chome.com/mobileDetail/1611/1611,,
C,new_candidate,スマートフォン,Google Pixel 11 Pro XL 512GB Fog,,172500,https://www.1-chome.com/mobileDetail/1611/1611,,
C,new_candidate,スマートフォン,Google Pixel 11 Pro XL 512GB Obsidian（Matte）,,172500,https://www.1-chome.com/mobileDetail/1611/1611,,
C,new_candidate,スマートフォン,Google Pixel 11 Pro XL 512GB Olive,,172500,https://www.1-chome.com/mobileDetail/1611/1611,,
C,new_candidate,スマートフォン,Google Pixel 11 Pro 512GB Canyon,,163500,https://www.1-chome.com/mobileDetail/1608/1608,,
C,new_candidate,スマートフォン,Google Pixel 11 Pro 512GB Fog,,163500,https://www.1-chome.com/mobileDetail/1608/1608,,
C,new_candidate,スマートフォン,Google Pixel 11 Pro 512GB Obsidian（Matte）,,163500,https://www.1-chome.com/mobileDetail/1608/1608,,
C,new_candidate,スマートフォン,Google Pixel 11 Pro 512GB Olive,,163500,https://www.1-chome.com/mobileDetail/1608/1608,,
C,new_candidate,スマートフォン,Google Pixel 11 Pro XL 256GB Canyon,,146000,https://www.1-chome.com/mobileDetail/1610/1610,,
C,new_candidate,スマートフォン,Google Pixel 11 Pro XL 256GB Fog,,146000,https://www.1-chome.com/mobileDetail/1610/1610,,
C,new_candidate,スマートフォン,Google Pixel 11 Pro XL 256GB Obsidian（Matte）,,146000,https://www.1-chome.com/mobileDetail/1610/1610,,
C,new_candidate,スマートフォン,Google Pixel 11 Pro XL 256GB Olive,,146000,https://www.1-chome.com/mobileDetail/1610/1610,,
C,new_candidate,スマートフォン,Google Pixel 11 Pro 256GB Canyon,,142500,https://www.1-chome.com/mobileDetail/1607/1607,,
C,new_candidate,スマートフォン,Google Pixel 11 Pro 256GB Fog,,142500,https://www.1-chome.com/mobileDetail/1607/1607,,
C,new_candidate,スマートフォン,Google Pixel 11 Pro 256GB Obsidian（Matte）,,142500,https://www.1-chome.com/mobileDetail/1607/1607,,
C,new_candidate,スマートフォン,Google Pixel 11 Pro 256GB Olive,,142500,https://www.1-chome.com/mobileDetail/1607/1607,,
C,new_candidate,スマートフォン,Google Pixel 11 512GB Frost,,119000,https://www.1-chome.com/mobileDetail/1614/1614,,
C,new_candidate,スマートフォン,Google Pixel 11 512GB Hibiscus,,119000,https://www.1-chome.com/mobileDetail/1614/1614,,
C,new_candidate,スマートフォン,Google Pixel 11 512GB Obsidian,,119000,https://www.1-chome.com/mobileDetail/1614/1614,,
C,new_candidate,スマートフォン,Google Pixel 11 512GB Pistachio,,119000,https://www.1-chome.com/mobileDetail/1614/1614,,
C,new_candidate,スマートフォン,Google Pixel 11 256GB Frost,,103000,https://www.1-chome.com/mobileDetail/1613/1613,,
C,new_candidate,スマートフォン,Google Pixel 11 256GB Hibiscus,,103000,https://www.1-chome.com/mobileDetail/1613/1613,,
C,new_candidate,スマートフォン,Google Pixel 11 256GB Obsidian,,103000,https://www.1-chome.com/mobileDetail/1613/1613,,
C,new_candidate,スマートフォン,Google Pixel 11 256GB Pistachio,,103000,https://www.1-chome.com/mobileDetail/1613/1613,,
C,new_candidate,ゲーム,PlayStation5 デジタル・エディション “Marvel’s Wolverine” バトルイエロー リミテッドエディション,4948872850995,101700,https://www.1-chome.com/wineDetail/10350/10350,,
C,new_candidate,その他,Panasonic パナソニック 光エステ スムースエピ パワー&クール ES-WG0B-H グレー,4549980872321,97000,https://www.1-chome.com/wineDetail/7754/7754,,
C,new_candidate,その他,Panasonic ナノケア アルティメイト EH-NC80-T [オーセンティックブラウン],4549980767948,65000,https://www.1-chome.com/wineDetail/6019/6019,,
C,new_candidate,その他,Starlink V4 2534013,0850049670180,55000,https://www.1-chome.com/wineDetail/8497/8497,,
C,new_candidate,その他,Panasonic ラムダッシュPRO ES-L690U-K [クラフトブラック],4549980852361,54500,https://www.1-chome.com/wineDetail/5972/5972,,
C,new_candidate,その他,掃除機Dyson V12 Detect Slim Fluffy SV46 FF,5025155106518,45500,https://www.1-chome.com/wineDetail/6982/6982,,
C,new_candidate,その他,Apple HomePod 第2世代（本体）ホワイト MDEY4J/A,4549995566178,42000,https://www.1-chome.com/wineDetail/7892/7892,,
C,new_candidate,その他,Apple HomePod 第2世代（本体）ミッドナイト MDEW4J/A,4549995566161,42000,https://www.1-chome.com/wineDetail/7891/7891,,
C,new_candidate,その他,Panasonic ナノケア EH-NA0K-H [ミストグレー],4549980975046,38610,https://www.1-chome.com/wineDetail/7384/7384,,
C,new_candidate,その他,Panasonic ナノケア EH-NA0K-K [チャコールブラック],4549980975022,38610,https://www.1-chome.com/wineDetail/7382/7382,,
C,new_candidate,その他,Panasonic ナノケア EH-NA0K-P [さくらピンク],4549980975039,38610,https://www.1-chome.com/wineDetail/7383/7383,,
C,new_candidate,その他,デジタルカメラ RICOH WG-80 [オレンジ],4549212304415,35000,https://www.1-chome.com/wineDetail/4165/4165,,
C,new_candidate,その他,デジタルカメラ RICOH WG-80 [ブラック],4549212304378,34900,https://www.1-chome.com/wineDetail/3939/3939,,
C,new_candidate,その他,Microsoft Office Home & Business 2024(最新 永続版)|カード版| パッケージ版 EP2-06791,4549576249797,34000,https://www.1-chome.com/wineDetail/6259/6259,,
C,new_candidate,その他,Microsoft Office Home 2024(最新 永続版)|カード版 EP2-08632,4549576250618,31600,https://www.1-chome.com/wineDetail/6258/6258,,
C,new_candidate,その他,PHILIPS 電気シェーバー S9000プレステージ SP9886/36 アドリアブルー,8720689025188,30000,https://www.1-chome.com/wineDetail/8564/8564,,
C,new_candidate,その他,Panasonic 美顔器 バイタリフト かっさ EH-SP86-K [ブラック],4549980878866,29000,https://www.1-chome.com/wineDetail/7610/7610,,
C,new_candidate,その他,Panasonic ES-PV6A-K [マーブルブラック],4549980711989,28600,https://www.1-chome.com/wineDetail/5266/5266,,
C,new_candidate,その他,Panasonic ES-PV6A-W [マーブルホワイト],4549980711972,28600,https://www.1-chome.com/wineDetail/5265/5265,,
C,new_candidate,その他,◆ゴルフ用レーザー距離計 COOLSHOT LITE STABILIZED,4580130921230,24800,https://www.1-chome.com/wineDetail/3165/3165,,
C,new_candidate,その他,Panasonic ES-PV3A-K マットブラック,4549980711996,24500,https://www.1-chome.com/wineDetail/5684/5684,,
C,new_candidate,その他,Panasonic ファインバブルシャワーヘッド EH-SH50-S シルバー,4550719001509,24500,https://www.1-chome.com/wineDetail/8114/8114,,
C,new_candidate,その他,Panasonic ファインバブルシャワーヘッド EH-SH50-W ホワイト,4550719001493,24500,https://www.1-chome.com/wineDetail/8119/8119,,
C,new_candidate,ゲーム,Nintendo Switch Lite コーラル あつまれ どうぶつの森セット,4902370551471,22980,https://www.1-chome.com/wineDetail/5400/5400,,
C,new_candidate,ゲーム,Nintendo Switch Lite ターコイズ あつまれ どうぶつの森セット,4902370551457,22980,https://www.1-chome.com/wineDetail/5399/5399,,
C,new_candidate,ゲーム,Nintendo Switch Lite ハイラルエディション,4902370552232,22980,https://www.1-chome.com/wineDetail/5858/5858,,
C,new_candidate,その他,Panasonic ラムダッシュ PRO ES-L571U-S チタンシルバー,4549980979952,22500,https://www.1-chome.com/wineDetail/7420/7420,,
C,new_candidate,その他,HUAWEI FreeClip 2 ブラック,6942103169434,19300,https://www.1-chome.com/wineDetail/8404/8404,,
C,new_candidate,その他,HUAWEI FreeClip 2 ブルー,6942103169458,19300,https://www.1-chome.com/wineDetail/9506/9506,,
C,new_candidate,その他,HUAWEI FreeClip 2 ホワイト,6942103169441,19300,https://www.1-chome.com/wineDetail/8405/8405,,
C,new_candidate,その他,HUAWEI FreeClip 2 ローズゴールド,6942103178733,19300,https://www.1-chome.com/wineDetail/9508/9508,,
C,new_candidate,その他,Panasonic ラムダッシュ PRO ES-L551U-S チタンシルバー,4549980979976,18500,https://www.1-chome.com/wineDetail/7418/7418,,
C,new_candidate,ゲーム,Steam Controller コントローラー,0814585022803,17800,https://www.1-chome.com/wineDetail/8821/8821,,
C,new_candidate,その他,Panasonic ラムダッシュ PRO ES-L551D-K マットブラック,4549980979983,17500,https://www.1-chome.com/wineDetail/7419/7419,,
C,new_candidate,その他,ZDR035,4952040150237,17100,https://www.1-chome.com/wineDetail/2282/2282,,
C,new_candidate,その他,Google Fitbit Air Fog,0840353943384,17000,https://www.1-chome.com/mobileDetail/1482/1482,,
C,new_candidate,その他,Google Fitbit Air Sleepy Blue,0840353970458,17000,https://www.1-chome.com/mobileDetail/1482/1482,,
C,new_candidate,その他,Panasonic パナソニック 全自動コーヒーメーカー NC-A58-K ブラック,4549980869505,16200,https://www.1-chome.com/wineDetail/8182/8182,,
C,new_candidate,その他,Panasonic パナソニック 全自動コーヒーメーカー NC-A58-W ホワイト,4550719164655,16000,https://www.1-chome.com/wineDetail/8540/8540,,
C,new_candidate,その他,ZDR036,4952040150367,14500,https://www.1-chome.com/wineDetail/3555/3555,,
C,new_candidate,その他,ジェットウォッシャー ドルツ EW-DJ55,4549980652640,14400,https://www.1-chome.com/wineDetail/4259/4259,,
C,new_candidate,その他,Panasonic パナソニック ヘアードライヤー EH-NE8N-H モダングレー,4549980973974,12500,https://www.1-chome.com/wineDetail/8012/8012,,
C,new_candidate,その他,Panasonic パナソニック ヘアードライヤー EH-NE8N-W モダンホワイト,4549980973981,12500,https://www.1-chome.com/wineDetail/8011/8011,,
C,new_candidate,その他,AirTag (第2世代) (4パック) MFEA4ZP/A,4549995682588,11800,https://www.1-chome.com/wineDetail/8173/8173,,
C,new_candidate,その他,Echo Spot（2024年発売）- オーシャンブルー,0840268912925,11480,https://www.1-chome.com/wineDetail/5896/5896,,
C,new_candidate,その他,Echo Spot（2024年発売）- グレーシャーホワイト,0840268981846,11480,https://www.1-chome.com/wineDetail/5897/5897,,
C,new_candidate,その他,Echo Spot（2024年発売）- ブラック,0840268931865,11480,https://www.1-chome.com/wineDetail/5898/5898,,
C,new_candidate,その他,Panasonic ヘアーカッター ER-SC61-K,4549980688854,10500,https://www.1-chome.com/wineDetail/5873/5873,,
C,new_candidate,その他,NEC エヌエーシー 無線LANルータ PA-3000D4AX,4991515300241,9200,https://www.1-chome.com/wineDetail/8547/8547,,
C,new_candidate,その他,Echo Dot Max 2025年発売 アメジスト,0840414609464,9000,https://www.1-chome.com/wineDetail/7842/7842,,
C,new_candidate,その他,Echo Dot Max 2025年発売 グラファイト,0840414666054,9000,https://www.1-chome.com/wineDetail/7841/7841,,
C,new_candidate,その他,Echo Dot Max 2025年発売 グレーシャーホワイト,0840414647961,9000,https://www.1-chome.com/wineDetail/7843/7843,,
C,new_candidate,その他,BUFFALO バッファロー Wi-Fi中継機 WEX-5400AX6,4981254061305,8900,https://www.1-chome.com/wineDetail/8549/8549,,
C,new_candidate,その他,SONY GP-VPT2BT ブラック,4548736109520,8800,https://www.1-chome.com/wineDetail/2838/2838,,
C,new_candidate,その他,PHILIPS 電気シェーバー 5000Xシリーズ X5012／05,8720689012317,7600,https://www.1-chome.com/wineDetail/5590/5590,,
C,new_candidate,その他,Echo Dot (エコードット) 第5世代 - グレーシャーホワイト,0840080512204,7480,https://www.1-chome.com/wineDetail/5126/5126,,
C,new_candidate,その他,Echo Dot (エコードット) 第5世代 -チャコール,0840080592077,7480,https://www.1-chome.com/wineDetail/5127/5127,,
C,new_candidate,その他,Echo Dot (エコードット) 第5世代 -ディープシーブルー,0840080586786,7480,https://www.1-chome.com/wineDetail/5128/5128,,
C,new_candidate,その他,Fire TV Stick HDB0DVJ64ZLT 26年 840414695122,,6980,https://www.1-chome.com/wineDetail/9700/9700,,
C,new_candidate,その他,【26】Fire TV Stick HD B0G3YCRJKX 840414639447,,6980,https://www.1-chome.com/wineDetail/9695/9695,,
C,new_candidate,その他,IG-NX15-B ブラック系,4974019176062,6500,https://www.1-chome.com/wineDetail/2344/2344,,
C,new_candidate,その他,Echo Show 5 第3世代 クラウドブルー,0840080525952,6300,https://www.1-chome.com/wineDetail/6039/6039,,
C,new_candidate,その他,Echo Show 5 第3世代 グレーシャーホワイト,0840080537337,6300,https://www.1-chome.com/wineDetail/6040/6040,,
C,new_candidate,その他,Echo Show 5 第3世代 チャコール,0840080535111,6300,https://www.1-chome.com/wineDetail/6041/6041,,
C,new_candidate,その他,IG-NX15-W ホワイト系,4974019176055,6000,https://www.1-chome.com/wineDetail/2343/2343,,
C,new_candidate,その他,【2024年モデル】Fire TV Stick HD 840414637467,0840414637467,4200,https://www.1-chome.com/wineDetail/6312/6312,,
C,new_candidate,ポケカ,ポケモン ポケなで モンスターボール,4904810958734,4000,https://www.1-chome.com/wineDetail/7790/7790,,
C,new_candidate,その他,Echo Pop - コンパクトスマートスピーカー グレーシャーホワイト,0840268982034,3000,https://www.1-chome.com/wineDetail/5204/5204,,
C,new_candidate,その他,Echo Pop - コンパクトスマートスピーカー チャコール,0840268981389,3000,https://www.1-chome.com/wineDetail/5203/5203,,
C,new_candidate,その他,Echo Pop - コンパクトスマートスピーカー ティールグリーン,0840268997410,3000,https://www.1-chome.com/wineDetail/5201/5201,,
C,new_candidate,その他,Echo Pop - コンパクトスマートスピーカー ラベンダー,0840268966508,3000,https://www.1-chome.com/wineDetail/5202/5202,,
C,new_candidate,その他,AirTag (第2世代) (1パック) MFE94ZP/A,4549995682199,2700,https://www.1-chome.com/wineDetail/8172/8172,,
,registered,カメラ,SONY ILME-FX3,4548736123205,458000,https://www.1-chome.com/wineDetail/3926/3926,SONY ILME-FX3,jan
,registered,カメラ,FUJIFILM X100V [シルバー],4547410423419,253000,https://www.1-chome.com/wineDetail/2681/2681,FUJIFILM X100V [シルバー],jan
,registered,スマートフォン,iPhone 17 Pro Max 2TB コズミックオレンジ,4549995649383,243000,https://www.1-chome.com/mobileDetail/1373/1373,iPhone 17 Pro Max 2TB コズミックオレンジ,jan
,registered,スマートフォン,iPhone 17 Pro Max 2TB シルバー,4549995649376,243000,https://www.1-chome.com/mobileDetail/1373/1373,iPhone 17 Pro Max 2TB シルバー,jan
,registered,スマートフォン,iPhone 17 Pro Max 2TB ディープブルー,4549995649390,243000,https://www.1-chome.com/mobileDetail/1373/1373,iPhone 17 Pro Max 2TB ディープブルー,jan
,registered,カメラ,FUJIFILM X100VI Black 【新型2025】 E/J,4547410554267,238500,https://www.1-chome.com/wineDetail/6455/6455,FUJIFILM X100VI Black 【新型2025】 E/J,jan
,registered,カメラ,FUJIFILM X100VI Silver 【新型2025】 E/J,4547410554281,235000,https://www.1-chome.com/wineDetail/6454/6454,FUJIFILM X100VI Silver 【新型2025】 E/J,jan
,registered,カメラ,FUJIFILM X100V [ブラック],4547410423433,231000,https://www.1-chome.com/wineDetail/2680/2680,FUJIFILM X100V [ブラック],jan
,registered,スマートフォン,iPhone 17 Pro Max 1TB コズミックオレンジ,4549995649352,230000,https://www.1-chome.com/mobileDetail/1372/1372,iPhone 17 Pro Max 1TB コズミックオレンジ,jan
,registered,スマートフォン,iPhone 17 Pro Max 1TB シルバー,4549995649345,230000,https://www.1-chome.com/mobileDetail/1372/1372,iPhone 17 Pro Max 1TB シルバー,jan
,registered,スマートフォン,iPhone 17 Pro Max 1TB ディープブルー,4549995649369,230000,https://www.1-chome.com/mobileDetail/1372/1372,iPhone 17 Pro Max 1TB ディープブルー,jan
,registered,スマートフォン,iPhone 17 Pro 1TB コズミックオレンジ,4549995648362,204500,https://www.1-chome.com/mobileDetail/1376/1376,iPhone 17 Pro 1TB コズミックオレンジ,jan
,registered,スマートフォン,iPhone 17 Pro 1TB シルバー,4549995648355,204500,https://www.1-chome.com/mobileDetail/1376/1376,iPhone 17 Pro 1TB シルバー,jan
,registered,スマートフォン,iPhone 17 Pro 1TB ディープブルー,4549995648379,204500,https://www.1-chome.com/mobileDetail/1376/1376,iPhone 17 Pro 1TB ディープブルー,jan
,registered,スマートフォン,iPhone 17 Pro Max 512GB コズミックオレンジ,4549995649321,203000,https://www.1-chome.com/mobileDetail/1371/1371,iPhone 17 Pro Max 512GB コズミックオレンジ,jan
,registered,スマートフォン,iPhone 17 Pro Max 512GB シルバー,4549995649314,203000,https://www.1-chome.com/mobileDetail/1371/1371,iPhone 17 Pro Max 512GB シルバー,jan
,registered,スマートフォン,iPhone 17 Pro Max 512GB ディープブルー,4549995649338,203000,https://www.1-chome.com/mobileDetail/1371/1371,iPhone 17 Pro Max 512GB ディープブルー,jan
,registered,カメラ,RICOH GR III HDF 特別モデル,4549212306181,200000,https://www.1-chome.com/wineDetail/5700/5700,RICOH GR III HDF 特別モデル,jan
,registered,カメラ,FUJIFILM X-T50 ボディ [シルバー],4547410533644,191500,https://www.1-chome.com/wineDetail/5867/5867,FUJIFILM X-T50 ボディ [シルバー],jan
,registered,スマートフォン,iPhone 17 Pro 512GB コズミックオレンジ,4549995648331,190000,https://www.1-chome.com/mobileDetail/1375/1375,iPhone 17 Pro 512GB コズミックオレンジ,jan
,registered,スマートフォン,iPhone 17 Pro 512GB シルバー,4549995648324,190000,https://www.1-chome.com/mobileDetail/1375/1375,iPhone 17 Pro 512GB シルバー,jan
,registered,スマートフォン,iPhone 17 Pro 512GB ディープブルー,4549995648348,190000,https://www.1-chome.com/mobileDetail/1375/1375,iPhone 17 Pro 512GB ディープブルー,jan
,registered,カメラ,◆RICOH GR IIIx,4549212303739,189000,https://www.1-chome.com/wineDetail/1910/1910,◆RICOH GR IIIx,jan
,registered,カメラ,RICOH GR IIIx Urban Edition,4549212304507,187200,https://www.1-chome.com/wineDetail/5267/5267,RICOH GR IIIx Urban Edition,jan
,registered,カメラ,RICOH GR III Diary Edition,4549212305863,182500,https://www.1-chome.com/wineDetail/5315/5315,RICOH GR III Diary Edition,jan
,registered,カメラ,RICOH GR IIIx HDF 特別モデル,4549212306297,180000,https://www.1-chome.com/wineDetail/5701/5701,RICOH GR IIIx HDF 特別モデル,jan
,registered,カメラ,◆RICOH GR III,4549212300202,176000,https://www.1-chome.com/wineDetail/856/856,◆RICOH GR III,jan
,registered,スマートフォン,iPhone 17 Pro Max 256GB コズミックオレンジ,4549995649291,174000,https://www.1-chome.com/mobileDetail/1370/1370,iPhone 17 Pro Max 256GB コズミックオレンジ,jan
,registered,スマートフォン,iPhone 17 Pro Max 256GB シルバー,4549995649284,174000,https://www.1-chome.com/mobileDetail/1370/1370,iPhone 17 Pro Max 256GB シルバー,jan
,registered,スマートフォン,iPhone 17 Pro Max 256GB ディープブルー,4549995649307,174000,https://www.1-chome.com/mobileDetail/1370/1370,iPhone 17 Pro Max 256GB ディープブルー,jan
,registered,スマートフォン,iPhone 17 Pro 256GB コズミックオレンジ,4549995648300,158000,https://www.1-chome.com/mobileDetail/1374/1374,iPhone 17 Pro 256GB コズミックオレンジ,jan
,registered,スマートフォン,iPhone 17 Pro 256GB シルバー,4549995648294,158000,https://www.1-chome.com/mobileDetail/1374/1374,iPhone 17 Pro 256GB シルバー,jan
,registered,スマートフォン,iPhone 17 Pro 256GB ディープブルー,4549995648317,158000,https://www.1-chome.com/mobileDetail/1374/1374,iPhone 17 Pro 256GB ディープブルー,jan
,registered,カメラ,RICOH GR IV Black,4549212311291,155000,https://www.1-chome.com/wineDetail/7469/7469,RICOH GR IV Black,jan
,registered,カメラ,★FUJIFILM X-E4 レンズキット シルバー,4547410457629,143900,https://www.1-chome.com/wineDetail/1787/1787,FUJIFILM X-E4 レンズキット [シルバー],jan
,registered,カメラ,★FUJIFILM X-E4 レンズキット ブラック,4547410457636,143500,https://www.1-chome.com/wineDetail/1788/1788,FUJIFILM X-E4 レンズキット [ブラック],jan
,registered,カメラ,Canon PowerShot G7 X MarkII,4549292056389,143000,https://www.1-chome.com/wineDetail/108/108,Canon PowerShot G7 X MarkII,jan
,registered,ゲーム,ASUS ROG Xbox Ally X 1TB ブラック,0199291152984,139800,https://www.1-chome.com/wineDetail/7780/7780,ASUS ROG Xbox Ally X 1TB ブラック,jan
,registered,カメラ,◆FUJIFILM X-E4 ボディ [ブラック],4547410442625,139800,https://www.1-chome.com/wineDetail/1786/1786,FUJIFILM X-E4 ボディ [ブラック],jan
,registered,カメラ,PowerShot G7 X Mark III B,4549292137743,139000,https://www.1-chome.com/wineDetail/1255/1255,PowerShot G7 X Mark III　B,jan
,registered,スマートフォン,iPhone 17 512GB セージ,4549995649246,138500,https://www.1-chome.com/mobileDetail/1366/1366,iPhone 17 512GB セージ,jan
,registered,スマートフォン,iPhone 17 512GB ブラック,4549995649208,138500,https://www.1-chome.com/mobileDetail/1366/1366,iPhone 17 512GB ブラック,jan
,registered,スマートフォン,iPhone 17 512GB ホワイト,4549995649215,138500,https://www.1-chome.com/mobileDetail/1366/1366,iPhone 17 512GB ホワイト,jan
,registered,スマートフォン,iPhone 17 512GB ミストブルー,4549995649222,138500,https://www.1-chome.com/mobileDetail/1366/1366,iPhone 17 512GB ミストブルー,jan
,registered,スマートフォン,iPhone 17 512GB ラベンダー,4549995649239,138500,https://www.1-chome.com/mobileDetail/1366/1366,iPhone 17 512GB ラベンダー,jan
,registered,カメラ,FUJIFILM X-T50 ボディ [ブラック],4547410533613,136500,https://www.1-chome.com/wineDetail/5866/5866,FUJIFILM X-T50 ボディ [ブラック],jan
,registered,カメラ,★FUJIFILM X-E4 ボディ [シルバー],4547410442632,135000,https://www.1-chome.com/wineDetail/1785/1785,FUJIFILM X-E4 ボディ [シルバー],jan
,registered,カメラ,Nikon Z50II ダブルズームキット,4960759916921,132000,https://www.1-chome.com/wineDetail/6322/6322,Nikon Z50II ダブルズームキット,jan
,registered,カメラ,CANON EOS R10 RF-S18-150 IS STM レンズキット,4549292189803,130000,https://www.1-chome.com/wineDetail/3927/3927,CANON EOS R10 RF-S18-150 IS STM レンズキット,jan
,registered,カメラ,PowerShot G7 X Mark III SV,4549292137804,120000,https://www.1-chome.com/wineDetail/1256/1256,◆PowerShot G7 X Mark III　SV,jan
,registered,ゲーム,PlayStation5 Pro CFI-7000B01,4948872416320,119980,https://www.1-chome.com/wineDetail/6122/6122,PlayStation5 Pro CFI-7000B01,jan
,registered,スマートフォン,iPhone 17 256GB セージ,4549995649192,118000,https://www.1-chome.com/mobileDetail/1365/1365,iPhone 17 256GB セージ,jan
,registered,スマートフォン,iPhone 17 256GB ブラック,4549995649154,118000,https://www.1-chome.com/mobileDetail/1365/1365,iPhone 17 256GB ブラック,jan
,registered,スマートフォン,iPhone 17 256GB ホワイト,4549995649161,118000,https://www.1-chome.com/mobileDetail/1365/1365,iPhone 17 256GB ホワイト,jan
,registered,スマートフォン,iPhone 17 256GB ミストブルー,4549995649178,118000,https://www.1-chome.com/mobileDetail/1365/1365,iPhone 17 256GB ミストブルー,jan
,registered,スマートフォン,iPhone 17 256GB ラベンダー,4549995649185,118000,https://www.1-chome.com/mobileDetail/1365/1365,iPhone 17 256GB ラベンダー,jan
,registered,カメラ,◆NIKON COOLPIX P1000Y,4960759148803,113500,https://www.1-chome.com/wineDetail/866/866,NIKON COOLPIX P1000Y,jan
,registered,その他,2026年 iPad Air (M4) 11インチ Wi-Fi 256GB スターライト [MH374J/A],4549995662054,110000,https://www.1-chome.com/mobileDetail/1447/1447,2026年 iPad Air (M4) 11インチ Wi-Fi 256GB スターライト [MH374J/A],jan
,registered,その他,2026年 iPad Air (M4) 11インチ Wi-Fi 256GB スペースグレイ [MH354J/A],4549995662030,110000,https://www.1-chome.com/mobileDetail/1447/1447,2026年 iPad Air (M4) 11インチ Wi-Fi 256GB スペースグレイ [MH354J/A],jan
,registered,その他,2026年 iPad Air (M4) 11インチ Wi-Fi 256GB パープル [MH394J/A],4549995662061,110000,https://www.1-chome.com/mobileDetail/1447/1447,2026年 iPad Air (M4) 11インチ Wi-Fi 256GB パープル [MH394J/A],jan
,registered,その他,2026年 iPad Air (M4) 11インチ Wi-Fi 256GB ブルー [MH364J/A],4549995662047,110000,https://www.1-chome.com/mobileDetail/1447/1447,2026年 iPad Air (M4) 11インチ Wi-Fi 256GB ブルー [MH364J/A],jan
,registered,カメラ,SONY FDR-AX45A (B) [ブラック],4548736141308,107700,https://www.1-chome.com/wineDetail/4485/4485,SONY FDR-AX45A (B) [ブラック],jan
,registered,カメラ,EOS R50 ダブルズームキット [ホワイト],4549292205336,105000,https://www.1-chome.com/wineDetail/5006/5006,EOS R50 ダブルズームキット [ホワイト],jan
,registered,カメラ,EOS R50 ダブルズームキット [ブラック],4549292205053,104000,https://www.1-chome.com/wineDetail/5049/5049,EOS R50 ダブルズームキット [ブラック],jan
,registered,カメラ,FUJIFILM X-M5 ボディ [シルバー],4547410555165,103500,https://www.1-chome.com/wineDetail/6318/6318,FUJIFILM X-M5 ボディ [シルバー],jan
,registered,カメラ,◆EOS Kiss M2 ダブルズームキット [ホワイト],4549292176346,103000,https://www.1-chome.com/wineDetail/1895/1895,EOS Kiss M2 ダブルズームキット [ホワイト],jan
,registered,カメラ,FUJIFILM X-M5 XC15-45mmレンズキット [ブラック],4547410555172,102500,https://www.1-chome.com/wineDetail/6316/6316,FUJIFILM X-M5 XC15-45mmレンズキット [ブラック],jan
,registered,カメラ,SONY VLOGCAM ZV-E10M2K [ブラック],4548736161061,100000,https://www.1-chome.com/wineDetail/6008/6008,SONY VLOGCAM ZV-E10M2K [ブラック],jan
,registered,カメラ,Z 30 ダブルズームキット,4960759910639,100000,https://www.1-chome.com/wineDetail/5252/5252,Z 30 ダブルズームキット,jan
,registered,カメラ,Z 50 ダブルズームキット,4960759903624,100000,https://www.1-chome.com/wineDetail/1219/1219,Z 50 ダブルズームキット,jan
,registered,ゲーム,Steam Deck 有機EL 1TB,0814585022308,99800,https://www.1-chome.com/wineDetail/5477/5477,Steam Deck 有機EL 1TB,jan
,registered,カメラ,★α6400 ILCE-6400Y ダブルズームレンズキット シルバー,4548736100503,99000,https://www.1-chome.com/wineDetail/1221/1221,α6400 ILCE-6400Y ダブルズームレンズキット シルバー,jan
,registered,カメラ,SONY VLOGCAM ZV-1M2G シューティンググリップキット [ホワイト],4546821923778,98000,https://www.1-chome.com/wineDetail/5159/5159,SONY VLOGCAM ZV-1M2G シューティンググリップキット [ホワイト],jan
,registered,カメラ,◆EOS Kiss M2 ダブルズームキット [ブラック],4549292176315,98000,https://www.1-chome.com/wineDetail/1894/1894,EOS Kiss M2 ダブルズームキット [ブラック],jan
,registered,ゲーム,Meta Quest 3 512GB,0815820024170,96800,https://www.1-chome.com/wineDetail/5320/5320,Meta Quest 3 512GB,jan
,registered,カメラ,SONY α6400 ILCE-6400Y ダブルズームレンズキット [ブラック],4548736100497,90000,https://www.1-chome.com/wineDetail/2661/2661,SONY α6400 ILCE-6400Y ダブルズームレンズキット [ブラック],jan
,registered,ゲーム,ASUS ROG Xbox Ally 512GB ホワイト,0199291143319,89800,https://www.1-chome.com/wineDetail/7781/7781,ASUS ROG Xbox Ally 512GB ホワイト,jan
,registered,カメラ,VLOGCAM ZV-E10Y ダブルズームレンズキット [ブラック],4548736128637,86500,https://www.1-chome.com/wineDetail/5147/5147,VLOGCAM ZV-E10Y ダブルズームレンズキット [ブラック],jan
,registered,ゲーム,Steam Deck 有機EL 512GB,0814585022254,84800,https://www.1-chome.com/wineDetail/5476/5476,Steam Deck 有機EL 512GB,jan
,registered,カメラ,VLOGCAM ZV-E10Y ダブルズームレンズキット [ホワイト],4548736128644,81000,https://www.1-chome.com/wineDetail/5148/5148,VLOGCAM ZV-E10Y ダブルズームレンズキット [ホワイト],jan
,registered,カメラ,TAMRON 28-75mm F/2.8 Di III VXD G2 (A063S),4960371006796,80000,https://www.1-chome.com/wineDetail/2742/2742,TAMRON 28-75mm F/2.8 Di III VXD G2 (A063S),jan
,registered,カメラ,デジタル一眼カメラ OM-D E-M10 MarK IV EZダブルズームキット [ブラック],4545350053352,80000,https://www.1-chome.com/wineDetail/2624/2624,OM-D E-M10 MarK IV EZダブルズームキット [ブラック],jan
,registered,ゲーム,PlayStation VR2 “Horizon Call of the Mountain” 同梱版 CFIJ-17001,4948872016612,79980,https://www.1-chome.com/wineDetail/4714/4714,PlayStation VR2 “Horizon Call of the Mountain” 同梱版 CFIJ-17001,jan
,registered,カメラ,OLYMPUS PEN E-P7 EZダブルズームキット [ホワイト],4545350055851,79000,https://www.1-chome.com/wineDetail/5482/5482,OLYMPUS PEN E-P7 EZダブルズームキット [ホワイト],jan
,registered,カメラ,◆HC-VX992MS-R [アーバンレッド],4549980514221,77700,https://www.1-chome.com/wineDetail/2787/2787,HC-VX992MS-R [アーバンレッド],jan
,registered,カメラ,PowerShot SX740 HS [ブラック],4549292119008,76600,https://www.1-chome.com/wineDetail/2703/2703,◆PowerShot SX740 HS [ブラック],jan
,registered,カメラ,OLYMPUS PEN E-P7 EZダブルズームキット [シルバー],4545350055844,76000,https://www.1-chome.com/wineDetail/5481/5481,OLYMPUS PEN E-P7 EZダブルズームキット [シルバー],jan
,registered,ゲーム,PlayStation VR2 CFIJ-17000,4948872016490,74980,https://www.1-chome.com/wineDetail/4713/4713,PlayStation VR2 CFIJ-17000,jan
,registered,その他,2026年 iPad Air (M4) 11インチ Wi-Fi 128GB スターライト [MH334J/A],4549995662016,72000,https://www.1-chome.com/mobileDetail/1446/1446,2026年 iPad Air (M4) 11インチ Wi-Fi 128GB スターライト [MH334J/A],jan
,registered,その他,2026年 iPad Air (M4) 11インチ Wi-Fi 128GB スペースグレイ [MH304J/A],4549995661996,72000,https://www.1-chome.com/mobileDetail/1446/1446,2026年 iPad Air (M4) 11インチ Wi-Fi 128GB スペースグレイ [MH304J/A],jan
,registered,その他,2026年 iPad Air (M4) 11インチ Wi-Fi 128GB パープル [MH344J/A],4549995662023,72000,https://www.1-chome.com/mobileDetail/1446/1446,2026年 iPad Air (M4) 11インチ Wi-Fi 128GB パープル [MH344J/A],jan
,registered,その他,2026年 iPad Air (M4) 11インチ Wi-Fi 128GB ブルー [MH314J/A],4549995662009,72000,https://www.1-chome.com/mobileDetail/1446/1446,2026年 iPad Air (M4) 11インチ Wi-Fi 128GB ブルー [MH314J/A],jan
,registered,カメラ,Canon PowerShot SX740 HS [シルバー],4549292119060,72000,https://www.1-chome.com/wineDetail/870/870,◆Canon PowerShot SX740 HS [シルバー],jan
,registered,カメラ,OM-D E-M10 MarK IV EZダブルズームキット [シルバー],4545350053369,70000,https://www.1-chome.com/wineDetail/2623/2623,OM-D E-M10 MarK IV EZダブルズームキット [シルバー],jan
,registered,ゲーム,Nintendo Switch 2 多言語版,4902370552683,69980,https://www.1-chome.com/wineDetail/7050/7050,Nintendo Switch 2 多言語版,jan
,registered,カメラ,OLYMPUS PEN E-P7 14-42mm EZ レンズキット ホワイト,4545350053604,69000,https://www.1-chome.com/wineDetail/1776/1776,OLYMPUS PEN E-P7 14-42mm EZ レンズキット ホワイト,jan
,registered,ゲーム,PlayStation5 Slim Disc CFI-2000A01,4948872415934,66980,https://www.1-chome.com/wineDetail/5401/5401,PlayStation5 Slim Disc CFI-2000A01,jan
,registered,ゲーム,Xbox Series X 1TB RRT-00015,4549576161617,66978,https://www.1-chome.com/wineDetail/1191/1191,Xbox Series X RRT-00015,jan
,registered,カメラ,OLYMPUS PEN E-P7 14-42mm EZ レンズキット シルバー,4545350053598,65100,https://www.1-chome.com/wineDetail/1775/1775,OLYMPUS PEN E-P7 14-42mm EZ レンズキット シルバー,jan
,registered,ゲーム,PlayStation 5 デジタルED ダブルパック 日本語専用 CFIJ-10032,4948872850599,65000,https://www.1-chome.com/wineDetail/8508/8508,PlayStation 5 デジタルED ダブルパック 日本語専用 CFIJ-10032,jan
,registered,ゲーム,Meta Quest 3S 256GB,0815820025290,64900,https://www.1-chome.com/wineDetail/6095/6095,Meta Quest 3S 256GB,name
,registered,カメラ,PENTAX 17 [ダークシルバー] ※印あり不可,4549212310065,63300,https://www.1-chome.com/wineDetail/6301/6301,PENTAX 17 [ダークシルバー],jan
,registered,ゲーム,PlayStation5 Slim Digital エディション CFI-2000B01,4948872415910,59980,https://www.1-chome.com/wineDetail/5402/5402,PlayStation5 Slim Digital エディション CFI-2000B01,jan
,registered,ゲーム,Xbox Series X 1TB デジタル EP2-00708,4549576247038,59978,https://www.1-chome.com/wineDetail/6021/6021,Xbox Series X 1TB デジタル エディション ホワイト EP2-00708,jan
,registered,カメラ,DJI OSMO POCKET 3 クリエイターコンボ,6941565969903,56000,https://www.1-chome.com/wineDetail/6143/6143,DJI OSMO POCKET 3 クリエイターコンボ,jan
,registered,ゲーム,Nintendo Switch 2 マリオカート ワールドセット 日本語・国内専用,4902370553031,53980,https://www.1-chome.com/wineDetail/7049/7049,Nintendo Switch 2 マリオカート ワールドセット 日本語・国内専用,jan
,registered,ゲーム,Nintendo Switch 2（日本語・国内専用） Pokemon LEGENDS Z-A Nintendo Switch 2 Edition セット,4902370553505,53980,https://www.1-chome.com/wineDetail/7609/7609,Nintendo Switch 2（日本語・国内専用） Pokemon LEGENDS Z-A Nintendo Switch 2 Edition セット,jan
,registered,カメラ,instax mini Evo チェキ USB [ピンク],4547410555844,53000,https://www.1-chome.com/wineDetail/6404/6404,instax mini Evo チェキ USB [ピンク],jan
,registered,カメラ,Panasonic LUMIX DC-TZ99-K [ブラック],4549980888247,50000,https://www.1-chome.com/wineDetail/6841/6841,Panasonic LUMIX DC-TZ99-K [ブラック],jan
,registered,カメラ,SONY VLOGCAM ZV-E10L パワーズームレンズキット ホワイト,4548736128552,50000,https://www.1-chome.com/wineDetail/1772/1772,SONY VLOGCAM ZV-E10L パワーズームレンズキット ホワイト,jan
,registered,ゲーム,Nintendo Switch 2 日本語・国内専用,4902370553024,49980,https://www.1-chome.com/wineDetail/7048/7048,Nintendo Switch 2 日本語・国内専用,jan
,registered,ゲーム,Xbox Series S 1TB ブラック XXU-00015,4549576215563,49978,https://www.1-chome.com/wineDetail/5271/5271,Xbox Series S 1TB XXU-00015,jan
,registered,ゲーム,Xbox Series S 1TB ホワイト EP2-00650,4549576246994,49978,https://www.1-chome.com/wineDetail/6020/6020,Xbox Series S 1TB ホワイト EP2-00650,jan
,registered,ゲーム,PlayStation 5 デジタル ・ エディション 日本語 専用 CFI-2200B01,4948872417419,48700,https://www.1-chome.com/wineDetail/7825/7825,PlayStation 5 デジタル ・ エディション 日本語 専用 CFI-2200B01,jan
,registered,ゲーム,Meta Quest 3S 128GB,0815820025238,48400,https://www.1-chome.com/wineDetail/6094/6094,Meta Quest 3S 128GB,jan
,registered,ゲーム,Xbox Series S 512GB EP2-10065,4549576250632,44578,https://www.1-chome.com/wineDetail/6284/6284,Xbox Series S 512 GB EP2-10065,jan
,registered,カメラ,Canon PowerShot V10 [ブラック] トライポッドグリップキット,4957792163740,43000,https://www.1-chome.com/wineDetail/5178/5178,Canon PowerShot V10 [ブラック] トライポッドグリップキット,jan
,registered,ゲーム,Nintendo Switch (有機ELモデル) ネオンブルー・ネオンレッド,4902370548501,37980,https://www.1-chome.com/wineDetail/1826/1826,Nintendo Switch (有機ELモデル) ネオンブルー・ネオンレッド,jan
,registered,ゲーム,Nintendo Switch (有機ELモデル) ホワイト,4902370548495,37980,https://www.1-chome.com/wineDetail/1827/1827,Nintendo Switch (有機ELモデル) ホワイト,jan
,registered,ゲーム,PlayStation Portal リモートプレーヤー ブラック CFIJ-18001,4948872017251,34980,https://www.1-chome.com/wineDetail/6364/6364,PlayStation Portal リモートプレーヤー ブラック CFIJ-18001,jan
,registered,その他,Starlink Mini 02535001,0850049670302,34800,https://www.1-chome.com/wineDetail/8496/8496,SpaceX スターリンクミニ Starlink Mini WiFiルーター内蔵,jan
,registered,ゲーム,Nintendo Switch 新型 バッテリー強化版 グレー,4902370551198,32978,https://www.1-chome.com/wineDetail/5020/5020,Nintendo Switch 新型 バッテリー強化版 グレー,jan
,registered,ゲーム,Nintendo Switch 新型 バッテリー強化版 ネオンブルー/(R) ネオンレッド,4902370550733,32978,https://www.1-chome.com/wineDetail/4567/4567,Nintendo Switch 新型 バッテリー強化版 ネオンブルー/(R) ネオンレッド,jan
,registered,ゲーム,PlayStation Portal リモートプレーヤー CFIJ-18000,4948872017084,29980,https://www.1-chome.com/wineDetail/5398/5398,PlayStation Portal リモートプレーヤー CFIJ-18000,jan
,registered,カメラ,instax mini 99 チェキ,4547410529845,28600,https://www.1-chome.com/wineDetail/5724/5724,instax mini 99 チェキ,jan
,registered,カメラ,instax mini Evo チェキ USB [ブラック],4547410520088,28600,https://www.1-chome.com/wineDetail/5193/5193,instax mini Evo チェキ USB [ブラック],jan
,registered,カメラ,instax mini Evo チェキ USB [ブラウン],4547410520125,28200,https://www.1-chome.com/wineDetail/5194/5194,instax mini Evo チェキ USB [ブラウン],jan
,registered,カメラ,instax mini Evo チェキ USB [ジェントル ローズ],4547410564334,28000,https://www.1-chome.com/wineDetail/7810/7810,instax mini Evo チェキ USB [ジェントル ローズ],jan
,registered,ゲーム,Nintendo Switch Lite イエロー,4902370542936,21978,https://www.1-chome.com/wineDetail/1117/1117,Nintendo Switch Lite イエロー,jan
,registered,ゲーム,Nintendo Switch Lite グレー,4902370542929,21978,https://www.1-chome.com/wineDetail/1119/1119,Nintendo Switch Lite グレー,jan
,registered,ゲーム,Nintendo Switch Lite コーラル,4902370545302,21978,https://www.1-chome.com/wineDetail/1049/1049,Nintendo Switch Lite コーラル,jan
,registered,ゲーム,Nintendo Switch Lite ターコイズ,4902370542943,21978,https://www.1-chome.com/wineDetail/1118/1118,Nintendo Switch Lite ターコイズ,jan
,registered,ゲーム,Nintendo Switch Lite ブルー,4902370547672,21978,https://www.1-chome.com/wineDetail/1384/1384,Nintendo Switch Lite ブルー,jan
,registered,カメラ,instax WIDE 400 チェキ [グリーン],4547410529975,20000,https://www.1-chome.com/wineDetail/5899/5899,instax WIDE 400 チェキ [グリーン],jan
,registered,カメラ,instax WIDE 400 チェキ [ジェットブラック],4547410570632,20000,https://www.1-chome.com/wineDetail/8689/8689,instax WIDE 400 チェキ [ジェットブラック],jan
,registered,その他,Pokemon GO Plus +,4521329368009,17600,https://www.1-chome.com/wineDetail/5200/5200,Pokemon GO Plus +,jan
,registered,その他,Google Fitbit Air Berry,0840353963986,17000,https://www.1-chome.com/mobileDetail/1482/1482,Google Fitbit Air Berry,jan
,registered,その他,Google Fitbit Air Lavender,0840353943353,17000,https://www.1-chome.com/mobileDetail/1482/1482,Google Fitbit Air Lavender,jan
,registered,その他,Google Fitbit Air Obsidian,0840353943339,17000,https://www.1-chome.com/mobileDetail/1482/1482,Google Fitbit Air Obsidian,jan
,registered,カメラ,instax mini 40 チェキ,4547410449341,16500,https://www.1-chome.com/wineDetail/2812/2812,instax mini 40 チェキ,jan
,registered,カメラ,instax SQUARE SQ1 [オレンジ],4547410441512,13750,https://www.1-chome.com/wineDetail/5803/5803,instax SQUARE SQ1 [オレンジ],jan
,registered,カメラ,instax SQUARE SQ1 [ブルー],4547410441529,13750,https://www.1-chome.com/wineDetail/5804/5804,instax SQUARE SQ1 [ブルー],jan
,registered,カメラ,instax SQUARE SQ1 [ホワイト],4547410441536,13750,https://www.1-chome.com/wineDetail/5802/5802,instax SQUARE SQ1 [ホワイト],jan
,registered,ゲーム,Nintendo Switch ニンテンドーサウンドクロック Alarmo,4902370552195,12980,https://www.1-chome.com/wineDetail/6154/6154,Nintendo Switch ニンテンドーサウンドクロック Alarmo,jan
,registered,ゲーム,PS5 ディスクドライブ CFI-ZDD1J,4948872416030,11980,https://www.1-chome.com/wineDetail/5526/5526,PS5 ディスクドライブ  CFI-ZDD1J,jan
,registered,カメラ,instax mini 13 チェキ [キャンディピンク],4547410564648,11100,https://www.1-chome.com/wineDetail/8684/8684,instax mini 13 チェキ [キャンディピンク],jan
,registered,カメラ,instax mini 13 チェキ [クレイホワイト],4547410564662,11100,https://www.1-chome.com/wineDetail/8688/8688,instax mini 13 チェキ [クレイホワイト],jan
,registered,カメラ,instax mini 13 チェキ [ドリーミーパープル],4547410564679,11100,https://www.1-chome.com/wineDetail/8685/8685,instax mini 13 チェキ [ドリーミーパープル],jan
,registered,カメラ,instax mini 13 チェキ [フロストブルー],4547410564631,11100,https://www.1-chome.com/wineDetail/8686/8686,instax mini 13 チェキ [フロストブルー],jan
,registered,カメラ,instax mini 13 チェキ [ラグーングリーン],4547410564655,11100,https://www.1-chome.com/wineDetail/8687/8687,instax mini 13 チェキ [ラグーングリーン],jan
,registered,ゲーム,Nintendo Switch 2 Proコントローラー,4902370552843,9980,https://www.1-chome.com/wineDetail/7051/7051,Nintendo Switch 2 Proコントローラー,jan
,registered,ゲーム,Nintendo Switch Joy-Con 2 (L) ライトブルー/(R) ライトレッド,4902370552744,9980,https://www.1-chome.com/wineDetail/7052/7052,Nintendo Switch Joy-Con 2 (L) ライトブルー/(R) ライトレッド,jan
,registered,ゲーム,Nintendo Switch Joy-Con 2 (L) ライトパープル/(R) ライトグリーン,4902370553871,8400,https://www.1-chome.com/wineDetail/8378/8378,Nintendo Switch Joy-Con 2 (L) ライトパープル/(R) ライトグリーン,jan
,registered,カメラ,【WIDE】FUJIFILM instax フィルム(20枚入),4547410173772,2900,https://www.1-chome.com/wineDetail/5909/5909,【WIDE】FUJIFILM instax フィルム(20枚入),jan
,registered,カメラ,【SQUARE】FUJIFILM instax フィルム(20枚入) WW2,4547410370003,2470,https://www.1-chome.com/wineDetail/5627/5627,【SQUARE】FUJIFILM instax フィルム(20枚入) WW2,jan
,registered,カメラ,【WIDE】FUJIFILM instax フィルム(10枚入),4547410173765,1370,https://www.1-chome.com/wineDetail/5910/5910,【WIDE】FUJIFILM instax フィルム(10枚入),jan
,registered,カメラ,【SQUARE】FUJIFILM instax フィルム(10枚入) WW1,4547410348613,1360,https://www.1-chome.com/wineDetail/5782/5782,【SQUARE】FUJIFILM instax フィルム(10枚入) WW1,jan
,registered,カメラ,【mini】FUJIFILM instax フィルム(10枚入) JP1,4547410377224,814,https://www.1-chome.com/wineDetail/4871/4871,【mini】FUJIFILM instax フィルム(10枚入) JP1,jan
